{
  "cnn_lstm": {
    "rmse": 52.57200797590199,
    "mae": 48.4891158543276,
    "mape": 17.026705090100023,
    "r2": -5.698122217039765,
    "accuracy": 0.53
  },
  "gru": {
    "rmse": 57.60460209971877,
    "mae": 53.904228639066886,
    "mape": 18.987685351376655,
    "r2": -7.041893170852019,
    "accuracy": 0.49
  },
  "transformer": {
    "rmse": 21.11314604320233,
    "mae": 18.41289391678371,
    "mape": 6.861828157566268,
    "r2": -0.08031359392340232,
    "accuracy": 0.51
  },
  "xgboost": {
    "rmse": 19.210258161793277,
    "mae": 14.34587525785639,
    "mape": 4.886380987898853,
    "r2": 0.1056441749792214,
    "accuracy": 0.54
  },
  "lightgbm": {
    "rmse": 19.051041033694375,
    "mae": 13.864213701536878,
    "mape": 4.7022160506669275,
    "r2": 0.12040781462100725,
    "accuracy": 0.55
  }
}