{
  "LSTM": {
    "rmse": 247.40208435058594,
    "mae": 246.26100158691406,
    "mape": 93.66774559020996,
    "r2": -107.63724450412411
  },
  "BiLSTM": {
    "rmse": 254.36700439453125,
    "mae": 253.26002502441406,
    "mape": 96.35522961616516,
    "r2": -113.84009769544062
  },
  "GRU": {
    "rmse": 251.04286193847656,
    "mae": 249.91822814941406,
    "mape": 95.07142901420593,
    "r2": -110.85817774161875
  },
  "CNN-LSTM": {
    "rmse": 256.698974609375,
    "mae": 255.59994506835938,
    "mape": 97.25252389907837,
    "r2": -115.95539684974743
  },
  "RandomForest": {
    "rmse": 29.83244072001642,
    "mae": 23.73921547734089,
    "mape": 8.537745963237661,
    "r2": -0.5796089502457957
  },
  "XGBoost": {
    "rmse": 62.6198844909668,
    "mae": 58.92913055419922,
    "mape": 21.874603629112244,
    "r2": -5.959795946857255
  },
  "LightGBM": {
    "rmse": 61.63748657238336,
    "mae": 57.9359765240304,
    "mape": 21.49876399622879,
    "r2": -5.743135008899726
  },
  "RandomForest_Classifier": {
    "accuracy": 0.4811715481171548,
    "precision": 0.5,
    "recall": 0.4112903225806452,
    "f1": 0.45132743362831856
  },
  "XGBoost_Classifier": {
    "accuracy": 0.5313807531380753,
    "precision": 0.5297029702970297,
    "recall": 0.8629032258064516,
    "f1": 0.6564417177914111
  },
  "LightGBM_Classifier": {
    "accuracy": 0.49372384937238495,
    "precision": 0.5084745762711864,
    "recall": 0.7258064516129032,
    "f1": 0.5980066445182725
  }
}